intent,pergunta
Acessórios,O carregador que acompanha é padrão brasileiro ?
Acessórios,Ele vem com fio USB ?
Acessórios,O fio vem junto com o carregador portatil
Acessórios,Mais o carregador não acompanha nenhum cabo ?
Acessórios,E dos acessórios só vem o carregador?
Acessórios,Acompanha fone de ouvido e carregador?
Acessórios,"Vem com fone, carregador e o cabo pro fone?"
Acessórios,O celular acompanha o que?
Acessórios,Vem fone de ouvido ?
Acessórios,O que acompanha o aparelho?
Acessórios,Quais os acessórios que acompanham o telefone?
Acessórios,O que acompanha a embalagem ?
Acessórios,Vem com pilha?
Acessórios,Boa tarde. O que vem junto com a impressora?
Acessórios,O que aconpanha o celular?
Acessórios,acompanhá carregador fone
Acessórios,"Boa noite,ele vem com fone de ouvido,cabo,carregador e tudo mais?"
Acessórios,"Olá. Boa tarde! E, a respeito do carregador e do fone de ouvido, vem junto também?"
Acessórios,Boa tarde! O que vem na caixa junto com o celular?
Acessórios,Ele vem fone e película?
Acessórios,E ele vem fone
Acessórios,Vem com o carregador 18W?
Acessórios,Vem oque tanto
Acessórios,Vem com carregador brasileiro?
Acessórios,"Olá! Efetuei a compra desse aparelho hoje, porém gostaria de confirmar - o carregador vem em padrão de tomada brasileira, certo?"
Acessórios,O celular acompanha carregador e fone de ouvido tradicional??
Acessórios,vem com foninho?
Acessórios,Contém fone?
Acessórios,Ele vem acompanhado do quê?
Acessórios,O que vem dentro da caixa junto ao aparelho?
Acessórios,Este vem com carregador?
Acessórios,Ele vem com fone de brinde?
Acessórios,Vem com capinha? Se sim qual modelo?
Acessórios,qual é o tipo de carregador na caixa? E funciona totalmente no brasil ? :)
Acessórios,O que acompanha o celular?
Acessórios,vem com fone?
Acessórios,Oque vem junto ao aparelho?
Acessórios,Mas não vem com carregador próprio junto?
Acessórios,"Boa noite, esses jogos vem com o play msm ?"
Acessórios,"Bom dia vendedor, pode me informar se os acessórios vem inclusos"
Acessórios,o fone vem na gaixa
Acessórios,O que vem na caixa?
Acessórios,incluso pilha? quantas?
Acessórios,O que está incluso de utensílios ( Fone e carregador vem)
Acessórios,O KIT DE ACESSORIOSque vem?
Acessórios,vem os dispotivos do Z3 junto?
Acessórios,O que vem? Vem com fonte?
Acessórios,E acompanha o tripé?
Acessórios,TEM O FONE E O CARREGADOR por favor????
Acessórios,Vem o suporte de celular ?
Acessórios,"Boa noite, vem com o suporte para celular ?"
Acessórios,Vem com suporte de cel?
Acessórios,Tem suporte pra coloca o celular ?
Acessórios,Tem suporte para por o cel
Acessórios,Ele vem com mouse 
Acessórios,Vem com qual pulseira esse relogio?
Acessórios,Posso escolher a pulseira que acompanha?
Acessórios,Ele vem com mause e teclado ?
Acessórios,Ele vem com mause e teclado ? E estabilizador?
Acessórios,Ele bem com o cabo USB ?
Acessórios,a fonte vem junto?
Acessórios,Ele vem com fonte ?
Acessórios,Esta incluso o carregador
Acessórios,fone inclusi?
Acessórios,fonte inclusa
Acessórios,inclui quais itens ?
Acessórios,quais itens estao inclusos
Acessórios,Vem com o cabo USB 3.0?
Acessórios,Ele já vem com a case dele?
Acessórios,acompanha o que
Acessórios,"Bom dia, amigo! vem só a maquina?"
Acessórios,"Oi, vem com case ou bag?"
Acessórios,Vem com a caixa de som?
Acessórios,Olá gostaria de saber se essa guitarra vem com o cubo
Acessórios,Vem com suporte?
Acessórios,Ele vem com fone de ouvido e carregando tudo completo ??
Acessórios,Bom dia ele vem acompanhado de pelicula e capa ..
Acessórios,ela vem com algum suporte
Acessórios,"Bom dia, vem com suporte para parede?"
Acessórios,Ele vem com os itens para fixação ?
Acessórios,Esse modelo acompanha onne connet ????
Acessórios,"Bom dia,esse monitor vem com o pé?,(a base onde encaixa ele para usar na mesa) tenho que comprar separadamente?"
Acessórios,Vem com armação
Acessórios,"Boa tarde,a piscina vem com a capa protetora de cima"
Acessórios,Este equipamento vem com suporte para as facas
Acessórios,Vem suporte pra colocar na cama
Acessórios,Ela acompanha a espátula
Acessórios,O que acompanha a cadeira ?
Acessórios,qual das pulseiras que acompanha esse relogio 
Acessórios,As tampas vem incluso?
Acessórios,Os parafusos vem juntos?
Acessórios,Essas prateleiras são a parte ou vem no pacote?
Acessórios,QUAIS OS DISPOSITIVOS QUE VEM 
Acessórios,Pode me informar por gentileza o que está incluso nessa caixa
Acessórios,Ele vem com o chuveirinho?
Acessórios,O wue vem no pacote?
Acessórios,Olá tudo bem? Já tá inclusos o suporte da tv?
Acessórios,Vem o apagador e as canetas?
Acessórios,Os acessórios da foto estão inclusos?
Acessórios,A borracha pra segurar vem junto?
Bateria,tempo de vida da bateria
Bateria,Quantos mah tem essa bateria
Bateria,essa bateria é de 1000MAH
Bateria,qual é o tamanha dessa bateria
Bateria,a bateria do celular dura o dia todo ?
Bateria,bateria de 4000 ?
Bateria,bateria de 5000 ?
Bateria,Quantas horas dura essa bateria carregada
Bateria,Esse carrega quantas vezes
Bateria,quantos mah??
Bateria,Quantas horas ele dura ?
Bateria,essa bateria é de 3500
Bateria,bateria é de 4400mah
Bateria,Poderia me informar a vida útil da bateria
Bateria,ele dura qual prazo a bateria
Bateria,Dá quantas cargas?
Bateria,Quanto tempo ele dura de bateria?
Bateria,Qual a duração da bateria?
Bateria,"Boa noite,por mais ou menos qd tempo dura a bateria deste relógio?"
Bateria,Qual a duração de bateria
Bateria,quanto tempo de vida útil tem essa bateria ?
Bateria,a bateria dele é boa
Bateria,Quanto tempo dura a bateria
Bateria,Dura dia todo ?
Bateria,Qual a vida útil da bateria????
Bateria,quantas carga?
Bateria,tamamho da bateria é bom
Bateria,A bateria dele é de quantos é 4000 ou 5000
Bateria,Aguenta quanto tempo a bateria
Bateria,Essa bateria é boa?
Bateria,Qual a durabilidade da bateria e a resistencia ?
Bateria,é de 3500 mAh
Bateria,É 500mAh
Bateria,Quants mah tem a bateria
Bateria,Qual o tamanho da bateria
Bateria,Dura o dia inteiro
Bateria,A bateria é grande
Bateria,Ele carrega rápido.
Bateria,essa bateria é adequada para o dia inteiro
Bateria,é eficiente essa bateria?
Bateria,A bateria d nokya dura quanto tempo
Bateria,Qual o tipo de bateria
Bateria,A bateria vicia?
Bateria,A Bateria vicia rápido?
Bateria,Quanto tempo dura fora da tomada
Bateria,Qual bateria que é?
Bateria,A BATERIA E DE QUANTO?
Bateria,Quanto tempo dura no modo avião?
Bateria,QUAL A CAPACIDADE DA BATERIA?
Bateria,A bateria é boa?
Bateria,a bateria dura quanto?
Bateria,QUAL A CAPACIDADE DESSA BATERIA?
Bateria,Bateria de quantos?
Bateria,Aguenta quantas horas performando?
Bateria,Ele garante quantas cargas
Bateria,Garante 8 cargas mesmo?
Bateria,Como carrego essabateria?
Bateria,em quanto tempo completa 100% de carga
Bateria,essa bateria é certficada pela Anatel?
Bateria,em 1 hora carrega quanto?
Bateria,"demora muito tmpo para carregar, preciso que carregue 100% no almoço"
Bateria,OI QUAL A PROCEDENDIA DESAS BATERIAA
Bateria,a bateria dura quanto tempo com o celular apenas bloqueado?
Bateria,quanto tempo a bateria dura com uso constante?
Bateria,depois de quantas recargas a bateria perde desempenho? (de um iphone são 300)
Bateria,Essa bateria tem duração de quanto tempo
Bateria,Bateria dura bem ?
Bateria,Essa bateria dura no mínimo quanto
Bateria,Da pra ficar quanto tempo com essa bateria?
Bateria,Essa bateria pode durar quanto?
Bateria,A bateria da pra durar mais de dois dias?
Bateria,A bateria é de qualidade?
Bateria,tipo de bateria????
Bateria,Essa bateria é melhor?
Bateria,A BATERIA TROCA?
Bateria,"Qual a vida útil da bateria, abrc"
Bateria,OI ESSA BATERIA E DE LìTIO?
Bateria,Essa bateria carrega o Zenfone?
Bateria,qual a capacidade da bateria
Bateria,essa bateria dura mais que a do Iphne?
Bateria,A bateria é de niquel?
Bateria,Quantas vezes depis de carregar essa bateria diminui vida útil?
Bateria,A bateria demora quanto tempo para viciar?
Bateria,A bateria é acima da média?
Bateria, A carga dura quanto tempo?
Bateria,Quanto tempo essa carga?
Bateria,Carrego em quanto tempo esse 
Bateria,troca a bateria?
Bateria,A bateria demora quanto ?
Bateria,Demora muito tempo para carregar na tomada?
Bateria,No powerbank demora pra carregar?
Bateria,essa bateria é de 2000 mhA
Bateria,São 24 horas para carregar
Bateria,Essa é aquela bateria com 2660 MHA?
Bateria,Em MHA é quanto?
Bateria,Qual a capacidade funcional dessa bateria por favor 
Bateria,Oi a bateria dura bastante? Quero usar o dia todo 
Bateria,Oi a bateria aguenta quantas horas sem carregar?
Bateria,Essa bateria tem que carregar muitas vezes ao longo do dia?
Bateria,vc acha q a bateria dura ´pra  um dia inteiro
Capacidade,É quantos GB de armazenamento??
Capacidade,Quantos GB?
Capacidade,A memória RAM dele e de 3 gb né ?
Capacidade,Tem o de 64 gigas? Me manda o link
Capacidade,Quantas gigas?
Capacidade,OI BOA NOITE AMIGO ! EU GOSTARIA DE SABER QUANTOS GIGA É ?
Capacidade,Esse celular tem com 6G de memória RAM??
Capacidade,Qual a ram?
Capacidade,Vcs tem com 128gb
Capacidade,Poderia ter a memoria ram maior
Capacidade,"Boa tarde, ele é 4gb de memória RAM?"
Capacidade,Quanto de memóriae RAM
Capacidade,Tem quantos de memória
Capacidade,Quanto memória tem de RAM.
Capacidade,So tem 2 de ram?
Capacidade,Boa tarde esse celular é quantos giga?
Capacidade,E 4GB RAM MESMO?
Capacidade,quantos litros cabe?
Capacidade,Quantos gigas de RAM o celular tem ?
Capacidade,Memoria ram 1 ou 2 gb ?
Capacidade,Ele e 32 ou 16 GB ?
Capacidade,Tem de 32 GB de memória ?
Capacidade,A memória dele é 64 ou 32 gigas
Capacidade,Cabe bastante foto?
Capacidade,A memória da pra muito aplicativo?
Capacidade,quantos litros cabe  na geladeira
Capacidade,É de quantos litro a geladeira
Capacidade,a capacidade é grande ?
Capacidade,Qual temananho dessa bateria?
Capacidade,Quanto cabe de memória
Capacidade,Cabe quantos videos
Capacidade,A memória da pra baixar filme?
Capacidade,Essa memória é suficiente
Capacidade,"Boa tarde,a memória interna dele e 64 ou 32 gb?"
Capacidade,Ele é 64 ou 32GB???
Capacidade,"Boa tarde,a memória interna dele e 64 ou 32?"
Capacidade,OlA BOA TARDE ESSE CELULAR TEM QUANTO DE MEMORIA
Capacidade,"E,32 ou 64,g"
Capacidade,"No anúncio está marcado 64GB e na descrição 32GB, qual o correto?"
Capacidade,"Na tela de venda 64 gb na descrição 32;gb e aí meu amigo , como fica ? Qual a real realidade??"
Capacidade,No anúncio diz 64 gb e na descrição 32 gb . Quantos gigas de memória interna por favor ?
Capacidade,tem ele de 1 tb de HD?
Capacidade,Cabe quanto de memória externa
Capacidade,Ele tem mais de memória?
Capacidade,ele não possui 1 tb de hd?
Capacidade,32 ou 64 ???
Capacidade,Ele suporta até quanto de memória?
Capacidade,tem 64 ou 32 ? na descrição 32 no título 64
Capacidade,Ele é 64GB ou 32GB???
Capacidade,São quantos litros ?
Capacidade,Quantos litros ela é ?
Capacidade,Ela é 2000mil litros
Capacidade,pra quantos litros é essa piscona
Capacidade,Oi ela e 3 litros e
Capacidade,E um TERABYTE?
Capacidade,E 8 GB
Capacidade,O HD é de quanto?
Capacidade,"Por gentileza, quala memória do dispositivo."
Capacidade,quanto de mem´ria que vem?
Capacidade,Cabe quantos cm³
Capacidade,Quantos L que cabe nessa airfryer
Capacidade,Aguenta 50 kg?
Capacidade,Esse é de 20 L ?
Capacidade,Qual peso aguenta?
Capacidade,"Aguenta Quantos litros, Obrigada luís gustavo"
Capacidade,Quantos gb de ram??
Capacidade,Qual a memória RAM dele ?
Capacidade,esse hd é de 4 tb
Capacidade,é 256gb ou 500gb?
Capacidade,Vc tem de 128 gb?
Capacidade,Esse a HD de 2 tb
Capacidade,Quanto de memória RAM?
Capacidade,Quanto de HD?
Capacidade,Quantos giga de RAMesse notebook tem?
Capacidade,"Boa noite, tem HD de 0 TB? É isso mesmo?"
Capacidade,Só mais uma coisa quantos GB HD?
Capacidade,Bom dia! Estes PCs não têm HD?
Capacidade,"Meu amigo no anúncio fala 64 giga, mas na descrição fala 32 gigas... Qual a verdade ????"
Capacidade,o hd e de quanto
Capacidade,Qual a capacidade de memória do HD?
Capacidade,"Olá, quanto têm de memória RAM e memória ROM?"
Capacidade,Tem de 3000 lts ou 3700 
Capacidade,Vc tem desse.modelo de 5 litros?
Capacidade,Tem 7 L?
Capacidade,Tem dessa panela de 3 lts?
Capacidade,Tem dessa panela de 7 lts?
Capacidade,Quero uma de 7 litros vcs tem?
Capacidade,Boa tarde. Vc teria ela de 6 lts
Capacidade,Tem 7 litros amigo
Capacidade,Quantos litros cada?
Capacidade,é pra quantos cm3
Capacidade,quantos cm3 tem a geladeira
Capacidade,qual a capacidade amigo ?
Capacidade,Olá gostaria de saber quanto que cabe nesse pote 
Capacidade,Oi essa geladeira cabe bastante coisa?
Capacidade,Essa bolsa cabe quanto ?
Capacidade,Pode me informar a capacidade em quilogramas?
Capacidade,Quantos lts cabe
Capacidade,Mas cabe quanto nesse refrigerador
Capacidade,Cabe o notebook?
Cor,Você teria o aparelho na cor petra ?
Cor,"Amigo, quais cores vc tem desse aparelho ?"
Cor,quais as cores disponíveis ?
Cor,que cor vc tem dele ?
Cor,esse preto é aquele brilhoso ?
Cor,em quais cores vc tem ele
Cor,quais cores amigo ?
Cor,gostaria de saber em quais cores voce tem ?
Cor,o preto é fosco ou brilhoso
Cor,qual a tonalidade de preto vc tem ?
Cor,no caso a cromada q vi as fots
Cor,Tem todas as cores?
Cor,Tem branco?
Cor,Boa tarde .Quais cores vcs teriam
Cor,Tem cor caramelo
Cor,osso escolher as cores?
Cor,Preta Branca Vinho
Cor,Preta Branca Amarela
Cor,Boa noite! Teria o rosa?
Cor,Boa tarde vc tem ele todo preto ?
Cor,E prata e preto ?
Cor,No anuncio diz preto Na foto é prata Como faço para comprar todo preto ?
Cor,tem preta
Cor,"Bom dia, você teria em vermelho?"
Cor,tem vermelho?
Cor,Tem em quais cores?
Cor,Boa Noite! Qual a cor do cabo?
Cor,tem prata ou só grafiti?
Cor,Olá você ainda tem o modelo na cor preta ?
Cor,Tem outras cores??
Cor,OLÁ. TEM A COR BRANCA?
Cor,O preto é o cinza espacial correto? Ou é preto mesmo?
Cor,Quais cores est¿ dispon¿vel
Cor,Tem.cor dourado?
Cor,Quais as cores?
Cor,Boa tarde. É o azul ou preto?
Cor,Ele só vem na cor azul não tem ele dourado não???
Cor,As duas pulseiras são pretas?
Cor,Ainda tem na cor branca?
Cor,"Bom dia, você tem a cor preta em estoque?"
Cor,Tem outra cor?
Cor,Cores
Cor,"Ela é da cor vermelha mesmo, como na imagem?"
Cor,As cores que vem são iguais essa das imagens pq parece que as cores que estão na descrição na batem com as imagens
Cor,Tem na cor rosa?
Cor,tem outras cores?
Cor,Comprei 3 moletons. Quero escolher as cores.
Cor,Bom dia! Tem nesse modelo plus size nas cores rosa e preto?
Cor,Tem a cor marron?? Claro ou escuro?
Cor,"Bom dia tem na cor marrom,rosa claro e preta Tam m?"
Cor,Ou só verde e branco mesmo
Cor,Boa noite .. vcs teriam na cor rosa ou alguma cor para menina
Cor,Só tem essa cor?
Cor,Tem outras cores?
Cor,Tem rosa?
Cor,Tem na cor rosa
Cor,TEM A GANGORRA NA COR AMARELA?
Cor,Olá! Vc teria a disposição a cor azul escuro? Obrigado
Cor,MAIS TEM NA COR VERMELHA?
Cor,Tem na cor vermelha????
Cor,Na cor vermelha Vc tem
Cor,Vcs tem na azul celeste
Cor,Vc tem laranja
Cor,Quais cores vcs tem????
Cor,"boa noite, tem a cor rosa?"
Cor,Amarelo tem?
Cor,Tem como vim de outra cor?
Cor,Quais cores disponíveis?
Cor,Tem na cor branca?
Cor,Boa noite vcs teriam desse modelo na cor branca obg
Cor,Boa tarde! Tem branco deste guarda roupa?
Cor,"Boa noite, tem da cor branco?"
Cor,vc tem ele vermelho
Cor,a cor azuj ta disponivel
Cor,amigos quais cores vc tem
Cor,tem ele no azul
Cor,tem ele no cinza
Cor,o prata esta disponivel
Cor,vc ainda tem o preto dele
Cor,esse e aquele cinza espacial
Cor,ELE É TODO DE PRATA?
Cor,Tem outras cores ?
Cor,Quais cores você dispõe
Cor,Você tem um dourado 1 linha
Cor,Teria ele todo preto ?
Cor,Boa tsrde Tem na cor dourado
Cor,vocês teriam na cor vermelha?
Cor,"Eu comprei com vcs , mas a cor verde acabou, como posso ver outras cores, vcs tem um link disponível?"
Cor,"Boa-tarde, quais as cores disponíveis?"
Cor,Tem inteira branco?
Cor,É inteiro preto ou branco por fora e preto dentro ? Eu queria o inteiro preto. Obrigado
Cor,"Boa noite, você tem totalmente preto?"
Cor,Só tem nessa cor?
Cor,Boa noite Vermelho escuro como da foto?
Cor,Boa tarde! Tem na cor rosa e lilas?
Cor,Você possui nas cores azul bebê e azul escuro ?
Cor,Tem.cores branco vermelho e azul Bic?
Cor,Você tem as caixas no rosa e lilás?
Cor,Ola tem somente as caixas na cor vermelha e azul?
Cor,Tem as caixas na cor azul bebê??
Dimensão,Bom dia que largura tem esse pano e o comprimento também por fazor
Dimensão,Olá qual tamanho
Dimensão,Esse é 50.cm?
Dimensão,Esse modelo da foto e dentro 40 cm.
Dimensão,Ele é de 50 cm mas esse modelo da foto do anuncio e de 40 cm certo.
Dimensão,Boa tarde Qual a largura dessa piscina exata??
Dimensão,Qual e o comprimento e a aktura desa piscina?
Dimensão,Boa tarde ! Quais as medidas dessa caixa ?
Dimensão,Olá gostaria de saber qual a largura e altura do produto? Obrigada
Dimensão,Tamanho do pendrive?
Dimensão,A altura
Dimensão,Qual a altura da piçina
Dimensão,"Gente boa, pode informar as medidas, altura e diâmetro? Grato."
Dimensão,Qual tamanho
Dimensão,Quantos cm tem ela ?
Dimensão,Quantos metros tem o fio?
Dimensão,Qual é a medida da braçadeira
Dimensão,Dimensão
Dimensão,Medidas
Dimensão,"Qual a altura da, cafeteira ?"
Dimensão,Qual o tamanho desse cabo?
Dimensão,Vc tem ele com 3 metros?
Dimensão,Qual o tamanho?
Dimensão,Quanto de comprimento tem o cabo?
Dimensão,Quantos centímetros eli tem
Dimensão,Quais as dimensões do produto?
Dimensão,Bom dia... qual o tamanho e largura dele em cm por favor ?
Dimensão,qual comprimento?
Dimensão,Qual o tamanho do celular
Dimensão,Quantas polegadas
Dimensão,quantos metros ele tem?
Dimensão,Quantos cm ele tem ?
Dimensão,qual a medida
Dimensão,quanto tem de tamanho
Dimensão,qual a largura?
Dimensão,tem qnts cm??
Dimensão,é 3 cm de profundidade?
Dimensão,qual tamanho?
Dimensão,quanto tem de tamanho e largura?
Dimensão,quantos cms tem?
Dimensão,Tem quantos metros essa piscina
Dimensão,Mede Mede quanto de profundidade?
Dimensão,Quais as medidas?Comprimento .
Dimensão,Qual as dimensões dela com as escoras?
Dimensão,Qual é a altura da piscina?
Dimensão,Qual a autura
Dimensão,Qual a largura ????
Dimensão,A profundidade e 75?
Dimensão,poderia me informar a profundidade
Dimensão,Qual o tamanha de largura com os pés armados
Dimensão,Sim tem largura altura fundura quanto tem de comprimento?
Dimensão,Qual seria a metragem?
Dimensão,Qual o tamanho da Braçadeira ? Serve em Adultos ??
Dimensão,Qual o tamanho do fio
Dimensão,Qual é o tamanho?
Dimensão,Bom dia: quais são as medidas do aparelho ?
Dimensão,TEM TAMANHO MAIOR NESTA ESTAMPA
Dimensão,Boa tarde e para cochao de 30 centímetros de altura ?
Dimensão,"A hélice é 40 ou 50cm , tá muito confuso na descrição."
Dimensão,Quantos centímetros de diâmetro?
Dimensão,Diâmetro?
Dimensão,Ele é o de 40cm?
Dimensão,Esse produto é 40cm
Dimensão,Qual altura minima do trip¿?
Dimensão,Quantos metros ou cm?
Dimensão,Ele é do tamanho da foto do anúncio?
Dimensão,Quantos cm ele tem?
Dimensão,Qual o diametro?
Dimensão,Vocês têm a tabela de tamanhos ?
Dimensão,Quanto mede de fundura
Dimensão,Qual altura dela
Dimensão,Qual a profundidade?
Dimensão,Tem em outra medida ? Um pouco menor ?
Dimensão,Quanto tem de diâmetro?
Dimensão,Está ring light tem 45cm (diâmetro do aro)?
Dimensão,"Boa tarde, gostaria de saber qual é a medida do ring led. Obrigado"
Dimensão,Quantos centímetros de altura e largura da ring?
Dimensão,Qual o tamanho do diâmetro ?
Dimensão,Olá quais são as medidas do arco
Dimensão,O tamanho e da forma que fala
Dimensão,Qual a dimensão?
Dimensão,"Boa tarde, pode me passar as dimensões do produto?"
Dimensão,qual a fundura deste produto
Dimensão,quais as dimensoes do produto?
Dimensão,Qual o diametro da caixa
Dimensão,quantas polegadas ?
Dimensão,"Quais são as especificações físicas?  altura, largura, etc"
Dimensão,Tem quantas polegadas
Dimensão,Queria saber é de 50 polegada acho uma boa tela
Dimensão,Quantas polegadas de tela a imagem é igual ou melhor que a sanssung?
Dimensão,Quantas polegada essa tv fala 9
Dimensão,Quantas polegada essa tv tomate 9
Dimensão,Quais as metragens dela?
Dimensão,"Boa noite , uma dúvida a altura dela com base é 95???"
Dimensão,Boa tarde qual a medida da tv.
Dimensão,Qual o tamanho da tv L x A X P.
Dimensão,"Essas medidas dessa TV de 70 estão corretas? Porque vendo aqui ,ela é menor que uma TV de 50 polegadas."
Dimensão,"Qual o tamanho em centimetros da tela dessa TV Altura x Largura, pois em varios sites os tamanhos da mesma tv tem variaç"
Dimensão,Quais sao as medidas?
Dimensão,Tem outros tamanhos ?
Disponibilidade,vc teria dois para entrega ?
Disponibilidade,Esta disponivel? Cancelaram minha compra
Disponibilidade,Ainda tem a pronta entrega
Disponibilidade,Teria 50 dele?
Disponibilidade,Quantos há no estoque???
Disponibilidade,Tá vendo ainda
Disponibilidade,Boa noite ainda em estoque comprando hj?
Disponibilidade,Boa noite amigo .... Ainda tem disponível ?
Disponibilidade,Vcs tem?
Disponibilidade,Boa tarde. Vc tem vários em estoque?
Disponibilidade,Boa tarde! É pronta entrega?
Disponibilidade,Ainda está disponível esse produto?
Disponibilidade,"Quero comprar 3 unidades, vc tem ?"
Disponibilidade,"compra 10, tem para vender ?"
Disponibilidade,Pronta entrega?
Disponibilidade,Disponível a pronta entrega? CEP 04215-000
Disponibilidade,Tenhe esse produto???
Disponibilidade,Disponível pra 41770-235?
Disponibilidade,Está disponível? Estou tentando comprar e não consigo
Disponibilidade,tem peças para reposição ?
Disponibilidade,Tem pronta entrega? Pq a demora no frete se é no mesmo estado?
Disponibilidade,Ainda disponível ? 
Disponibilidade,Bom dia tem em estoque ainda
Disponibilidade,Boa tarde tens em estoque ?
Disponibilidade,tem ainda pra vender ?
Disponibilidade,Tem para entrega imediata
Disponibilidade,Tem 100 unidades
Disponibilidade,"Bom dia, preciso de 24 unidades. Ainda tem esta quantidade"
Disponibilidade,Tem estoque disponível? 
Disponibilidade,Boa tarde quantos vc tem em estoque?
Disponibilidade,Tem a pronta entrega??
Disponibilidade,já tem pra pronta entrega?
Disponibilidade,Bom dia quero fechar a compra porem gostaria de saber se o aparelho tem estoque no Brasil?
Disponibilidade,Bom dia ainda tem em estoque?
Disponibilidade,tem o aparellho a pronta entrega ?
Disponibilidade,você teria 10 unidades a pronta entrega ?
Disponibilidade,Ainde tem disponível ?
Disponibilidade,Tem 5?
Disponibilidade,Quantos tem pra vender ainda?
Disponibilidade,vende 10?
Disponibilidade,ta em estoque
Disponibilidade,produto em pronta entrega ?
Disponibilidade,Vc tem a pronta entrega
Disponibilidade,Tem disponível?
Disponibilidade,Boa tarde ainda está disponível ? Ele já vem com hd ?
Disponibilidade,Ainda tem
Disponibilidade,e tem ponta a entrega??
Disponibilidade,Teria pra entrega imediata?
Disponibilidade,"Boa tarde, tem em estoque?"
Disponibilidade,Tem disponível até 15 de maio?
Disponibilidade,Quero comprar! Tá disponível?
Disponibilidade,PODERIA me informar quantos produtos vc tem em estoque ?
Disponibilidade,"queria comprar em grande quantidade, quantos produtos vc tem disponivel"
Disponibilidade,Bom dia...o Hd externo ainda esta disponível?
Disponibilidade,Ainda tem o notebook ?
Disponibilidade,Não tem mais desse?
Disponibilidade,"Ola Boatard, gostaria de saber quantas unidades tem disponível, uero fazer um pedido grand e"
Disponibilidade,"ESSE PRODUTO ""MARMITEIRA ELETRICA 1L "" ainda está disponvel?"
Disponibilidade,tem quanto de estoque
Disponibilidade,tem estoque ainda 23 de maço
Disponibilidade,Boa tarde quero saber do estoque
Disponibilidade,"Nossa o preço ta bom, ainda tem?"
Disponibilidade,Tem desse produto ainda?
Disponibilidade,"O anpuncio é andigo, gostaria de saber se tem estoque ainda, obrigada"
Disponibilidade,OLA QUERO COMPRAR. Tem estoque ??
Disponibilidade,Mas quantas voc~e temm?? Quero comprar muitas
Disponibilidade,quanto voce tem pra mim poder comprar
Disponibilidade,"Olá boa noite, tem 56 disponpivel comorp hj"
Disponibilidade,"Gostaria de comprar 21, tem tudo isso disponível"
Disponibilidade,Tem esse produto ainda?
Disponibilidade,QUANTAS PEÇAS VOCE TEM EM ESTOQUE
Disponibilidade,Quantos tem pra eu comprar
Disponibilidade,Posso comprar 12 ou voce naum tem
Disponibilidade,"Olá, tem a pronta entrega?"
Disponibilidade,O produto acabou
Disponibilidade,Tema ainda esse?
Disponibilidade,"Olá Boa Noite, ainda tem estoque dess produto?"
Disponibilidade,tem para entregar w
Disponibilidade,Mas voce so tem essa ?
Disponibilidade,so teria essa mesmo
Disponibilidade,DISPONIVEL?
Disponibilidade,Boa tarde ainda tem esse monitor disponível?
Disponibilidade,ainda tem esse relogio disponivel 
Disponibilidade,Tá disponível ainda ? Pq n responde??
Disponibilidade,Disponível?
Disponibilidade,tem a pronta entrega?
Disponibilidade,Tem à pronta entrega?
Disponibilidade,Ola. Vc tem em estoque?
Disponibilidade,Boa tarde ainda tem do pruduto
Disponibilidade,estoque de quantos
Disponibilidade,Possui o produto a pronta entrega? Em envio imediato?
Disponibilidade,Ainda tem essa panela
Disponibilidade,Tem 11 unidades
Disponibilidade,Tem alguma dessa?
Disponibilidade,Tem 2 unidades?
Disponibilidade,"BOM DIA, TEM DISPONÍVEL"
Disponibilidade,Tem pronto entrega?
Disponibilidade,Pronto entrega
Disponibilidade,Olá tem pronta entrega ?
Disponibilidade,Boa noite a cama ainda está disponível?
Entrega,Vcs entrega peleso correios
Entrega,"Olá, quero saber se vai ser entregue na data prevista, por que os correios estão em paralisação*"
Entrega,Tem como entregar antes ...? Pq aparece só dia 30 de abril.
Entrega,Compro hoje envia quando?
Entrega,Oi bom dia você consegue enviar pra mim até que dia
Entrega,ja envia amanha?
Entrega,Chega quando
Entrega,Consegui posta amanhã pela e presente de Natal????
Entrega,Qual o prazo para enviar o produto ?
Entrega,Só chegará dia 20 de abril mesmo ?
Entrega,quanto tempo em media a entrega ?
Entrega,Entregam hoje ?
Entrega,"Entendi , comprando hoje você consegue postar quando ?"
Entrega,Quantos dias demora pra mandarem o código de rastreamento?
Entrega,Qual a transportadora que entrega o produto de vcs?
Entrega,Entregue pelos Correios?
Entrega,Quanto tempo demora a entrega do produto?
Entrega,Como pago o envio?*
Entrega,Qual é o custo do envio?
Entrega,Se comprar hoje que dia vão postar o produto
Entrega,Pagamento aprovado postaria pra mim HOJE?
Entrega,"ou realizar a compra, o envio é feito por correios ou transportadora °??"
Entrega,Onde eu recebo o produto?
Entrega,Quanto tempo para entrega no cep 50781-291?
Entrega,estimativa de chegada para o cep 52041065?
Entrega,Quanto tempo para o cep 13960-000
Entrega,quando deve chegar para o cep 45656-150?
Entrega,"Boa tarde, o produto pode ser retirado? Qual sua localização?"
Entrega,O produto só é enviado após a efetuação da primeira parcela?
Entrega,"Gostaria de saber se meu produto ja foi enviado ???,"
Entrega,"Sou de São Paulo, normalmente demora tudo isso pra entregar mesmo?"
Entrega,o envio e feito via correios? se for e pac ou sedex?
Entrega,Envia mato grosso do Norte?
Entrega,Demora para entregar ?
Entrega,O celular será postado hoje? (optei pelo frete expresso)
Entrega,Estou querendo comprar o aparelho e tenho certa urgência. A entrega demora muiro?
Entrega,quantos dias uteis voces enviamw
Entrega,tem como chegar semana que vem ?
Entrega,"Se eu comprar o produto hj, até quando vc consegue enviar ?"
Entrega,Qual a previsão para entregar ?
Entrega,Envia por correio
Entrega,Tão enviando normalmente?
Entrega,quantos dias chega no cep 59114104?
Entrega,O envio é imediato?
Entrega,"vou comprar agora então, vc me envia o mais rápido possível?"
Entrega,O envio é imediato? Comprando agora vc envia amanha?
Entrega,não tem como adiantar a entrega?
Entrega,Consegue entregar até amanhã?
Entrega,vcs vendem cm frete gratis por favor ?
Entrega,Quando fica o frete
Entrega,"Tenho interesse mais a data de entrega está muito distante, tem como antecipar ?"
Entrega,Quanto fica o frete ???
Entrega,Frete 24110-250
Entrega,Se eu comprar hoje chegará até amanhã ? 21051545
Entrega,quanto que custa o envio do produto
Entrega,Tem como retirar hj?
Entrega,Boa noite vc tem um valor mínimo para frete grátis?
Entrega,Acima de quantos sai o frete grátis?
Entrega,Posta hoje amigo
Entrega,Vcs vão enviar ?
Entrega,tem disconto no freti
Entrega,frete gratuito ?
Entrega,consegue frete grátis?
Entrega,Se eu comprar hoje é garantido a entrega até 15 de maio?
Entrega,Qual o valor do frete?
Entrega,Tenho direito a frete grátis
Entrega,"Um frete de 450$, aí não dá né"
Entrega,Ola qual frete 11680000?
Entrega,Bom dia qual é o frete para 56960000
Entrega,Qual o frete para meu cep 78643000?
Entrega,tem frete?
Entrega,Bom dia! Tem pronta entrega? Cep 74680-450 Obrigada
Entrega,"Se eu comprar agora, envia ainda hoje?"
Entrega,Bom dia! É enviado por correios ou transportadora?
Entrega,Boa tarde e a Bancada que comprei consegue despacha hj?
Entrega,quando vc ira despachar
Entrega,entrega em sp
Entrega,entrega no rj
Entrega,"estou em brasilia, vc entrega ?"
Entrega,qual o frete para SP
Entrega,O frete é grátis msm? No anúncio esta dizendo isso!!
Entrega,Qual e o prasso de entrega
Entrega,bom dia ! Meu CEP: 49.140.000.
Entrega,Vc consegue ate sexta ?
Entrega,Comprando hoje tem como postar o mais rápido possível??
Entrega,Comprando segunda pela manhã no cartão envia quando ?
Entrega,Eu comprando hoje vc posta quando?
Entrega,"Se eu comprar agora, ainda da tempo de enviar hoje?"
Entrega,Envia pra sergipe?
Entrega,"Olá , boa noite! Envia para o meu cep: 55042-050?"
Entrega,Meu amigo não estou questionando suas entregas só gostaria de saber se leva um dia ou uma semana
Entrega,É envio imediato ?
Entrega,Olá Acer. O produto se encontra a pronta entrega?
Entrega,Boa tarde. Comprando hoje você ainda consegue mandar pelo correio hj mesmo?
Entrega,O frete é mesmo grátis?
Entrega,Enviar pró Piauí
Entrega,Bom dia. Entrega rápido ? Brasilia DF
Entrega,Como ela é enviada?
Entrega,"Para São Paulo, conseguem entregar em quanto tempo?"
Entrega,"Boa Tarde, se eu efetuar a compra agora, quando chega pra mim?"
Estado,ta bom em estado ?
Estado,esse produto não é falsificado né?
Estado,"Produto novo,original,lacrado?"
Estado,Qual a qualidade do produto? Você tem mais imagens?
Estado,"Bom dia, gostaria de saber sobre a qualidade ?"
Estado,"Esse aparelho, ele é novo??"
Estado,é novo?
Estado,O ventilador é novo
Estado,"quero comprar, está em bom estado msm ?"
Estado,ele é bem novinho ?
Estado,o produto vem na caixa da apple ?
Estado,o produto se encontra em bom estado
Estado,é réplica?
Estado,REPlica ?
Estado,original ou réplica
Estado,esse é usado
Estado,Ele é novo e lacrado de fábrica.
Estado,Este produto é novo?
Estado,"Boa tarde , e original ?"
Estado,Lacrado ?
Estado,É essa tela é original ?
Estado,bom dia a tela é original de reposicao ou paralela bem grossa
Estado,é original china?
Estado,Essa tela é original de fabrica
Estado,"Boa tarde ,esse é original?"
Estado,Bom dia amigo Este produto é original da SanDisk mesmo...preço mto barato para cartão pro. Qual o motivo do preço barato Paulo Benedicto
Estado,é novo
Estado,Produto é original?
Estado,Novo Lacrado ?
Estado,Celular novo original caixa lacrada?
Estado,Os acessorios Sao originais ?
Estado,boa tarde. aparelho possui alguma marca de uso?
Estado,é original? se eu pesquisar no site da xiaomi vai dar como original?
Estado,"Esse , produto eh totalmente original da marca chinesa da xiaomi ?"
Estado,Boa tarde. Cabo original!? Apple???
Estado,é novo na caixa lacrada?
Estado,"É novo, É lacrado"
Estado,O ventilador é nov
Estado,E original...ou replica
Estado,Olá bom dia. No anúncio não diz se é novo ou usado. Pode me informar?
Estado,Original certo?
Estado,Amigo original JBL
Estado,Olá. É a réplica?
Estado,É uma cópia da Huda?
Estado,em que condições o produto se encontra?
Estado,estado é novo
Estado,Este produto foi usado anteriormente
Estado,O preço está bom mas é original?
Estado,quais as condições dessa panela
Estado,todas as peças são originais de fábrica?
Estado,"Boa boite, É original amigo"
Estado,"BOA NOITE, essa produto é USADO??????"
Estado,Boa noite foi usado
Estado,"TUDO BEM, gostaria de saber se esse produto foi usado anteriormente"
Estado,"Consagrado, VOC~e pode me informar se esse produto é novo?"
Estado,é velho
Estado,"Olá, vem na caixa ?"
Estado,"Mais uma dúvida, o play é lacrado ?"
Estado,"oi, vem na caixa ?"
Estado,Qual a situação desta bateria? ? Vem lacrada ?
Estado,Boa tarde bateria e nova ??
Estado,Mais o monitor é novo ?
Estado,O produto e novo ne
Estado,Computador é novo ou usado?
Estado,O computador e novo??????
Estado,Produto novo ou recondicionado?
Estado,Ps vem lacradinho?
Estado,Boa noite é novo?
Estado,Boa tarde esses hds são novos ou usados?
Estado,os produtos são novos
Estado,tá novo?
Estado,É de confiança?? É usado??
Estado,Vem lacrado ??? Posso confiar em você??
Estado,Esta em perfeitas codicoes
Estado,esse produto nao e replica nao
Estado,e realmente original amigo ?
Estado,Produto novo zerado?
Estado,Novo e lacrado?
Estado,Produto lacrado ?
Estado,Boa tarde é totalmente lacrado
Estado,"No anúncio consta como usado, nas fotos está celado. Como assim? Aquele negócio que é semi-selado e tem que levar na relojoaria p/ selar? Obrigado!"
Estado,E original?
Estado,Boa noite amigo estás fotos são do relógio usado
Estado,O produto é novo?
Estado,Máquina nova ou usada?
Estado,Entendi. Original mas não novo .
Estado,São novos?
Estado,A guitarra é nova? Na discrição diz existir falhas no acabamento como pequenos arranhões ou manchas na pintura?
Estado,"Boa tarde, Este notebook é novo ou é um seminovo? Izequia"
Estado,é novo original na caixa lacrado?
Estado,"Eu gostaria de um explicação mais específica, das condições do aparelho deste anúncio"
Estado,E novo??? Ou usado????
Estado,Boa noite o produto é Novo?
Estado,O notebook é realmente novo?
Estado,O produto vem bem embalado?
Estado,"Ele eh novo, vem na caixa e tudo mais ?"
Estado,E original essa panela te selo do imetro
Estado,Esse produto é original? Por outro vendedor divulgar que o produto da mesma marca é!
Estado,Essas câmeras são Novas?
Estado,Oi elas sao bem resistentes durinhas
Garantia,Quanto tempo de garantia ?
Garantia,E a garantia ? Como funciona
Garantia,Ele tem garantia?
Garantia,Amigão tem 1 ano de garantua?
Garantia,vc da garantia ?
Garantia,como proceder em caso de defeito ?
Garantia,Ele tem garantia de fábrica
Garantia,tem garantia da apple
Garantia,o produto ainda tem garantia
Garantia,quanto tempo tem de garantia ?
Garantia,quantos anos de garantia ?
Garantia,quantos meses vc da de garantia ?
Garantia,tem garantia
Garantia,vem garantia né
Garantia,Bom dia A garantia de de qnt tempo?
Garantia,qt tempo de garantia
Garantia,vcs garantem quantos meses
Garantia,como faço para usar a garantia
Garantia,garantia tem
Garantia,Oi mas o aparelho fonciona sem nem um problema? Vocês dão garantia caso venha o apareça algum deifeito
Garantia,Em caso de defeito no aparelho como devo agir?
Garantia,Tem um ano de garantia?
Garantia,A garantia para o defeito com o aparelho é de quanto tempo ?
Garantia,Qual a garantia que voces oferecem?
Garantia,Qual o prazo de garantia
Garantia,E se o produto der defeito ?
Garantia,quanto tempo pra trocar se der defeito
Garantia,A garantia é de fábrica ?
Garantia,A garantia gringa ou nacional?
Garantia, A garantia é da loja de vocês? Onde fica?
Garantia,Garantia é da apple?
Garantia,O vendedor tem garantia?
Garantia,como faço para acessar garantia no mercado pago?
Garantia,Iphone precisa de garantia pra ir na autorizada?
Garantia,Quanto tempo de garantia ao todo?
Garantia,Quanto tempo de garantia?
Garantia,Mas só três meses de garantia pq?
Garantia,"bom dia, gostaria de saber sobre a garantia desses aparelhos e como funciona caso venha apresentar algum defeito ?"
Garantia,Qual o tempo de garantia
Garantia,Como funciona a garantia??
Garantia,Essa garantia cobre tudo mesmo
Garantia,A garantia dura quanto tempo?
Garantia,Como eu uso a garantia?
Garantia,"AMIGO, E DE VERDADE A GARANTIA?!"
Garantia,Tem cndição essa garantia?
Garantia,O que não cobre a aGarantia
Garantia,"Oie, gostaria de saber por quanto tempo a garantia vale"
Garantia,"Migles, Como faço para usar a garantia? - Obrigadinha."
Garantia,Garantia tem que ir na loja?
Garantia,"parça, posso adquirir garantia extra (tipo seguro)?"
Garantia,Está na garantia pela apple ainda? quanto tempo de uso?
Garantia,Ele tem garantia de quantos meses ?
Garantia,Amigo a garantia de 1 ano e com vc ou fabricante
Garantia,tem mesmo 1 ano de garantia?
Garantia,vc consegue dar garantia nesse aparelho ?
Garantia,da garantia nele amigo ?
Garantia,Tem garantia de 12 meses mesmo né igual fala no anúncio?
Garantia,se der problema como faço com a garantia.
Garantia,Ele tem alguma garantia?
Garantia,Sobre garantia do produto?
Garantia,Amigo 3 meses d garantia? Não eh 12?
Garantia,Boa tarde! Garantia do fabricante??
Garantia,a garantia é com vocês ou direto com a dell?
Garantia,"O anúncio diz 1 ano de garantia, seria a garantia de fábrica ?"
Garantia,A garantia cobre quantos anos ?
Garantia,amigo vou precisar de garantia pode me emitir por favor 
Garantia,você s emitem a garantia 
Garantia,as condições da garantia são como 
Garantia,Esse conversor vmem com garantia 
Garantia,A GARANTIA VEM EM ANEXO?
Garantia,POsso contar com garantia né?
Garantia,A garantia é pra todos os estados?
Garantia,A garantia serve pra fortaleza?
Garantia,Esse produto tem garantia de facbrica
Garantia,qual o tempo de garantia para o produto
Garantia,Garantia universal?
Garantia,Mas a garantia é da marca apple?
Garantia,A garantia é cobrada a parte?
Garantia,A garantia cobre assitencia de vocês 
Garantia,A garantia me da o que?
Garantia,garantia cobre tela trincada?
Garantia,Qual a garantia?
Garantia,a garantia do produto é só 30 dias ? do fabricante ?
Garantia,"Boa tarde, quanto tempo e garantia??"
Garantia,É garantido?
Garantia,Ta coberto pela garanti por quanto tempo 
Garantia,Essa garantia tem qual duração 
Garantia,A duração da garantia é por quanto tempo por gentileza 
Garantia,"Olá amigo, pode me dizer se essa garantia é vitalícia "
Garantia,Oi a garantia vem com assinatura/carimbo 
Garantia,Posso saber o que vem na garantia?
Garantia,Essa garantia é integral?
Garantia,A Garantia para a prova da água 
Garantia,"se eu molhar, cobre ( como é a prova d'água )"
Garantia,O que esta previsto na garantia?
Garantia,A GARANTIA E CERTIFICADA?
Garantia,Pra qual assistncia levo a garantia 
Garantia,Qts dias vale esa garantia?
Garantia,Ola tem garantia
Garantia,o produto tem garantia extendida
Meios de pagamento,Boa tarde é possível realizar o pagamento com três cartões?
Meios de pagamento,faz em quantas vezes no cartão
Meios de pagamento,Tëm descon to pra pagamento a vista em dinheiro?
Meios de pagamento,"Ta com juros ,nao pode ser sem juros?"
Meios de pagamento,Quanto sai no cartao
Meios de pagamento,posso efefuar o pagamento do boleto
Meios de pagamento,São 6x com Juros?
Meios de pagamento,paga como
Meios de pagamento,passa cartão
Meios de pagamento,boleto tem desconto
Meios de pagamento,mesmo preço no débito
Meios de pagamento,Os produtos por 47.00 reais?
Meios de pagamento,é débito ou crédito
Meios de pagamento,Oi vcs nao passa no debito ?
Meios de pagamento,Bom dia. Esse valor só a vista? Ou da pra dividir sem juros?
Meios de pagamento,"Ele é 24,00 é isso?"
Meios de pagamento,É possível parcelar no boleto bancario pelo celular
Meios de pagamento,Tem como comprar em dois cartões de crédito?
Meios de pagamento,Gostaria de comprar pagando metade do valor no boleto e metade cartão de crédito.É possivel?
Meios de pagamento,Tem compra no. Boleto
Meios de pagamento,Faz parcelado sem juros?
Meios de pagamento,Posso pagar uma parte no boleto e parcelar o restante no cartão?
Meios de pagamento,Posso comprar com dois cartões?
Meios de pagamento,Tem como pagar em boleto?
Meios de pagamento,Em até quantas vezes vc parcela w
Meios de pagamento,"Boa noite, queria saber se parcela por boleto"
Meios de pagamento,Ola vcs parcelao no boleto
Meios de pagamento,Dá pra parcelar no boleto?
Meios de pagamento,posso pagar vcs quando?
Meios de pagamento,Tem algum anuncio com desconto e sem parcelamento?
Meios de pagamento,Não teria como dar 300 de entrada e o restante no cartão???
Meios de pagamento,Posso pagar com dois cartoes?
Meios de pagamento,avista é 30 reais?
Meios de pagamento,Posso pagar esse celular belo boleto bancário parcelado
Meios de pagamento,A Compra é parcelada pelo boleto?
Meios de pagamento,Valor no boleto?
Meios de pagamento,quando eu fecho a compra pelo boleto com quantos dias pago a primeira parcela
Meios de pagamento,E vendido pelo. Boleto
Meios de pagamento,Parcela o boleto
Meios de pagamento,Valor a vista?
Meios de pagamento,Parcela no cartão PagSeguro?
Meios de pagamento,Tem como parcelar em mais de 5 vezes
Meios de pagamento,Boa noite tentei comprar o produto e não consigo. Vcs não aceita débito?
Meios de pagamento,Vendem por deposito ?
Meios de pagamento,Faz 12 vezes no boleto?
Meios de pagamento,"Boa tarde, pagando a vista em desconto?"
Meios de pagamento,Pra pra parcelar no débito automático
Meios de pagamento,parcela no cartão? qtns vezes?
Meios de pagamento,passo no débito?
Meios de pagamento,tenho interesse no produto. vc parcela no cartao ?
Meios de pagamento,Pode pagar com cartão de débito da caixa?
Meios de pagamento,Boa noite essiste a possibilidade de pagar a metade a vista no boleto ou depósito e a outra parte no cartão?
Meios de pagamento,Boa noite. Tem como pagar metade no cartão e metade no boleto?
Meios de pagamento,posso pagar com mercado pagpo
Meios de pagamento,quais sao as formas de pagamento apraso
Meios de pagamento,quais sao as formas de pagamento
Meios de pagamento,Boa noite!!! Gostaria de saber se consigo fazer alguma forma com uma entrada de R$600 ou mais e parcelar o restante?
Meios de pagamento,teria como eu te transfeirir uma parte
Meios de pagamento,Olá boa tarde sou a Daniela A vista num tem desconto?
Meios de pagamento,tem desconto no boleto
Meios de pagamento,É possível parcelar o boleto?
Meios de pagamento,faz aí o link pra pagar no boleto frete grátis
Meios de pagamento,Parcelado
Meios de pagamento,Valor avista
Meios de pagamento,quanta sai avista ?
Meios de pagamento,tem desconto a vista ?
Meios de pagamento,vc conseguiria parcelar esse valor ?
Meios de pagamento,Bom dia. Existe desconto pra pagamento a vista? Grato.
Meios de pagamento,nao aparece a opção para pagar no boleto
Meios de pagamento,É possível usar 2 métodos de pagamento?
Meios de pagamento,Consegue abaixar o valor ? Pago à vista no boleto
Meios de pagamento,Olá! Consegue fazer desconto à vista?
Meios de pagamento,Tem possibilidade de comprar com dois cartões ?
Meios de pagamento,Como faço pra comprar com 2 cartoes?
Meios de pagamento,"Olá bom dia,no anuncio comum sem frete grátis e 12x juros,qual menor valor que vc consegue ?"
Meios de pagamento,Como é a forma de pagamento?
Meios de pagamento,Tem como pagar parcelado via boletos?
Meios de pagamento,"Olá, Tem como pagar com mercado pontos?"
Meios de pagamento,"Boa noite, cartão de débito somente Santander?"
Meios de pagamento,Conseguimos fazer entrada + parcelas ao invés de apenas parcelas ?
Meios de pagamento,Essa tcl por quanto vocês pode fazer à vista
Meios de pagamento,Não aceita cartão cred shopping
Meios de pagamento,da pra fazer em dois cartões
Meios de pagamento,Boa tarde TB quero saber se comprando nó boleto tem desconto
Meios de pagamento,"O preço e 75,00"
Meios de pagamento,QUanto que custa esse?
Meios de pagamento,Qual o valor do kit?
Meios de pagamento,Faz desconto em duas?
Meios de pagamento,Pago esse boleto nas lotéricas?
Meios de pagamento,Ola boa noite posso efutuar o pagamento
Meios de pagamento,Preço???
Meios de pagamento,Bom dia quantos está saindo
Meios de pagamento,Valor para 2 unidades?
Meios de pagamento,"Essa a mesmo que queremos, qual valor?"
Meios de pagamento,Consegue melhorar o preço. O seu está mais alto que os demais
Meios de pagamento,"Vejo que o valor aumentou consideravelmente, qual o melhor valor para pagamento a vista?"
Meios de pagamento,Oi boa tarde aceita 2 cartão?
Meios de pagamento,Preciso parcelar eu posso!
Meios de pagamento,Sem juros?
Meios de pagamento,Quantos dias para pagar?! E cinco dias úteis para confirmar o pagamento pra vocês?!
Nota Fiscal,tem nf ?
Nota Fiscal,nfe
Nota Fiscal,voces emitem nfe
Nota Fiscal,trabalhak com nf?
Nota Fiscal,vcs enviam nota fiscal
Nota Fiscal,tem nota fiscal ?
Nota Fiscal,o produto vem com nota fiscal
Nota Fiscal,o produto é enviado com a nf?
Nota Fiscal,NF 
Nota Fiscal,Tem notaaa
Nota Fiscal,Ele vem com nota fiscal?
Nota Fiscal,emite nfe?
Nota Fiscal,Ele tem nota
Nota Fiscal,e a nf
Nota Fiscal,quero com nota tem
Nota Fiscal,gera nf
Nota Fiscal,gera nfe
Nota Fiscal,vem com nota
Nota Fiscal,Bom dia! Emite nota fiscal para PJ?
Nota Fiscal,Vem nota fiscal?
Nota Fiscal,Vocês enviam nota fiscal?
Nota Fiscal,vcs emitem nota 
Nota Fiscal,Emite NF?
Nota Fiscal,"Quero saber se vem o imei informando na nota , pois assim essa nota será válido para este aparelho !"
Nota Fiscal,mei vem na nota fiscal ???
Nota Fiscal,Esse produto vem com NF
Nota Fiscal,Acompanha nota ?
Nota Fiscal,Emite NF em nome de minha empresa?
Nota Fiscal,com mtt fiscal!?
Nota Fiscal,vem com nfe ?
Nota Fiscal,Emite Nota Fiscal?
Nota Fiscal,Amigo vem com nota fiscal??
Nota Fiscal,Vem nota fiscal ou recibo
Nota Fiscal,vem com nota fiscal de garantia ?
Nota Fiscal,acompanha NF?
Nota Fiscal,eu vir que vc colocou aqui que acompanha a nota fiscal certo?
Nota Fiscal,Voce gera nota ?
Nota Fiscal,Vem com DANFE?
Nota Fiscal,vcs geram notam fiscal
Nota Fiscal,Trabalham com nota ffiscal
Nota Fiscal,"Bom dia, emite NF para PJ?"
Nota Fiscal,com NF?
Nota Fiscal,Ele vai com nota fiscal? Quero comprar pra presente
Nota Fiscal,Esqueci de mancionar. Emite nota fiscal?
Nota Fiscal,Manda com nota?
Nota Fiscal,Bom dia! Emitem nota fiscal?
Nota Fiscal,Emite nota 
Nota Fiscal,Vem com nota fiscal?
Nota Fiscal,NF?
Nota Fiscal,Nota fiscal acompnaha o produto?
Nota Fiscal,Emite nota fiscal e vendam para CNPJ?
Nota Fiscal,emite nota fiscal?
Nota Fiscal,"Olá, emitem nota fiscal com cnpj?"
Nota Fiscal,Boa tarde. Você envia nota fiscal?
Nota Fiscal,manda nota fiscal junto?
Nota Fiscal,vem com nota fiscal.
Nota Fiscal,"Emite NF, amigo?"
Nota Fiscal,Emite NF para PJ?
Nota Fiscal,Acompanha danfe
Nota Fiscal,DENFE ?
Nota Fiscal,TEM como danfe ?
Nota Fiscal,ele vem con nota
Nota Fiscal,acompanha nota a nota fiscal ?
Nota Fiscal,ele acompana a nfe certo ?
Nota Fiscal,NFE vem com ele ?
Nota Fiscal,vc dá nota fiscal?
Nota Fiscal,vc da nf ?
Nota Fiscal,Da NFE?
Nota Fiscal,Tem nota fiscal para pessoa juridica???
Nota Fiscal,Boa tarde! Vem com NF em meu nome?
Nota Fiscal,Vai com nota fiscal?
Nota Fiscal,vcs geram a notam fiscal do produto 
Nota Fiscal,Trabalham com DANFE
Nota Fiscal,"Bom dia, emite NF para imposto de renda"
Nota Fiscal,com DANFE por favor ?
Nota Fiscal,Ele vai com nota fiscal na caixa ?
Nota Fiscal,Esqueci de mancionar. ele vem com a NFE?
Nota Fiscal,Manda com recibo em anexo?
Nota Fiscal,Bom dia! Emitem a nota fiscalpara mim por gentileza ?
Nota Fiscal,VOCES PODEM EMITIR A NOTA??
Nota Fiscal,Bom dia Vc da Nota Fiscal
Nota Fiscal,eu comprando aqui vc emite NF em nome de PJ ?
Nota Fiscal,OLA EMITI NOTA PARA EMPRESA CNPJ
Nota Fiscal,Como faço para tirar nota pelo CNPJ da empresa?
Nota Fiscal,quero nf pelo CNPJ da empresa
Nota Fiscal,nfe no cnpj vc faz?
Nota Fiscal,"Vem NF,?"
Nota Fiscal,Você pode gerar nf então por favor. ?
Nota Fiscal,pde gerar nota
Nota Fiscal,Como faço para solicitar a nFE?
Nota Fiscal,Olá bom dia preciso da Nota no meu CPF 39143220800
Nota Fiscal,Emite Nota para ONG CNPJ?
Nota Fiscal,Como que eu emito a nota 
Nota Fiscal,Vocês poderiam emitir a nota para mim pfvr?
Nota Fiscal,A Nota vem completa
Nota Fiscal,Vem a nota com XML?
Nota Fiscal,"Eu preciso da nota, pode incluir?"
Nota Fiscal,Todos os produtos vem na mesma nota
Nota Fiscal,Vem tudo em uma única nota
Nota Fiscal,Vem a nota e tudo certinho?
Voltagem,Olá Boa tarde tem voltagem 220?
Voltagem,Tem 220V?
Voltagem,Tem na voltagem 220 ? 
Voltagem,Tem 220w?
Voltagem,Queria saber se tem 220v
Voltagem,Vc tem 220v ??
Voltagem,Olá Tem 220 volts? Obrigado
Voltagem,Vocês não tem de 220w
Voltagem,E 220
Voltagem,220 volts tem?
Voltagem,Ele er 220w ??
Voltagem,Vc tem 220 v
Voltagem,Boa noite amigo tem 220v
Voltagem,Boa tarde! Tem 220 volts?
Voltagem,Tem ele em 210v
Voltagem,Se tem dele 220v
Voltagem,Tem ele de 220wtw
Voltagem,Boa tarde! Tem esse ventilador 220 volts?
Voltagem,Boa tarde tem esse ventilador na voltagem 220?
Voltagem,Na descrição só fala 127 / neste caso não tem 220v ??
Voltagem,220 wolte tem
Voltagem,"Boa noite, tem 220 voltes?"
Voltagem,220 v tem
Voltagem,Não tem ele com a 220v ?
Voltagem,Bom dia! É bivolt?
Voltagem,Qual a voltagem dele ?
Voltagem,"Olá! Boa noite , esse ventilador é 127 ou 220 wlts?"
Voltagem,"Olá boa noite, tem a voltagem 110?"
Voltagem,"Bom dia, ventilador é 110volts?"
Voltagem,Como sei a votagem?quero 220
Voltagem,A voltagem desse ventilador é 110 ou 220??
Voltagem,220 volts
Voltagem,Boa noite não fala se e 110 ou 220
Voltagem,Boa tarde! Dispõe dele em 220 v?
Voltagem,Ela e bivolts?
Voltagem,Ele é bivolt?
Voltagem,bivolt né
Voltagem,tem bivolt
Voltagem,110 ou bivolt
Voltagem,quero bivolt tem
Voltagem,"Vi que no anuncio a voltagem é 110v, não é bivolt? Moro onde é 220v."
Voltagem,qual é a voltagem? grato
Voltagem,Boa tarde só tem essa voltagem
Voltagem,Tem desse mesmo modelo pra voltage 110??
Voltagem,Tem voltagem 110?
Voltagem,Tem 110 ou é só 220?
Voltagem,Eu queria saber se tem em 110 voltagem3
Voltagem,Vc tem ele 110
Voltagem,Bom dia.ele é bivolt.pega energia 110.
Voltagem,Tem na voltagem 220?
Voltagem,A CPU é bivolt?
Voltagem,Funciona tanto em 110/220v? Preciso usar estabilizador?
Voltagem,210 volts esse
Voltagem,110 volts tem?
Voltagem,210 ou 127?
Voltagem,quero de 210v tem
Voltagem,Boa noite Esse notebook é bivolt?
Voltagem,ESSE NOTBOOK É 127 VOLTS ?
Voltagem,Voltagem 110?
Voltagem,Boa noite. Esse amplificador é bivolt?
Voltagem,Ela é 220v ?
Voltagem,Quanrtos volts
Voltagem,e 110 voltes
Voltagem,Ele e bivolte amigo ?
Voltagem,e bivolti ?
Voltagem,Ela é 210 volts?
Voltagem,"Não achei essa informação, qual a volt?"
Voltagem,A volt por favor 
Voltagem,VOLTAGEM?
Voltagem,Eu quero 220v
Voltagem,Serve para qual voltagem? ( Quero 110VOLTS)
Voltagem,Oi esse secador ele serve no 110 e 220
Voltagem,"Boa tarde, tem de 127v ?"
Voltagem,Tem 127 v?
Voltagem,Vcs tem de 2200 watts?
Voltagem,Boa tarde vcs tem na voltagem 110wolts?
Voltagem,No anúncio fala que e bivolt
Voltagem,Olá o kit e bivolt
Voltagem,É 110 volt
Voltagem,2200 potência??
Voltagem,qual a potencia
Voltagem,qual a potencia desse aparelho
Voltagem,A bateria é qual voltagem
Voltagem,A bateria é qual voltagen moro em Santa catarina
Voltagem,E BIVOLT ESA BATERIA??
Voltagem,Ela funciona 120
Voltagem,ÚOi ela é 110v
Voltagem,Suporta 127v?
Voltagem,Ela atende. a. 110 volts ?
Voltagem,"Boa noite ela tem voltagem 110 , ela e só elétrica ????"
Voltagem,Tem ela 220w
Voltagem,Ela pega em tomada normal de 110 volts
Voltagem,"boa noite,gostaria de saber se esse modelo vc tem na voltagem 10v?"
Voltagem,Olá tem 127 V ?
Voltagem,Boa tarde ainda tem com a Voltagem de 110V?
Voltagem,Esse forno é 127w
Voltagem,"bom dia, vc tem no 110 volts"
Voltagem,"amigo existe em 127 V , ou ele é bivolt?"
Voltagem,Tem desse forno com 110Vt
Voltagem, tem o de WATTS
